email;password
muser0@tecsup.edu.pe;password123
muser1@tecsup.edu.pe;password123
muser2@tecsup.edu.pe;password123
muser3@tecsup.edu.pe;password123
muser4@tecsup.edu.pe;password123
muser5@tecsup.edu.pe;password123
muser6@tecsup.edu.pe;password123
muser7@tecsup.edu.pe;password123
muser8@tecsup.edu.pe;password123
muser9@tecsup.edu.pe;password123
muser10@tecsup.edu.pe;password123
muser11@tecsup.edu.pe;password123
muser12@tecsup.edu.pe;password123
muser13@tecsup.edu.pe;password123
muser14@tecsup.edu.pe;password123
muser15@tecsup.edu.pe;password123
muser16@tecsup.edu.pe;password123
muser17@tecsup.edu.pe;password123
muser18@tecsup.edu.pe;password123
muser19@tecsup.edu.pe;password123
muser20@tecsup.edu.pe;password123
muser21@tecsup.edu.pe;password123
muser22@tecsup.edu.pe;password123
muser23@tecsup.edu.pe;password123
muser24@tecsup.edu.pe;password123
muser25@tecsup.edu.pe;password123
muser26@tecsup.edu.pe;password123
muser27@tecsup.edu.pe;password123
muser28@tecsup.edu.pe;password123
muser29@tecsup.edu.pe;password123
muser30@tecsup.edu.pe;password123
muser31@tecsup.edu.pe;password123
muser32@tecsup.edu.pe;password123
muser33@tecsup.edu.pe;password123
muser34@tecsup.edu.pe;password123
muser35@tecsup.edu.pe;password123
muser36@tecsup.edu.pe;password123
muser37@tecsup.edu.pe;password123
muser38@tecsup.edu.pe;password123
muser39@tecsup.edu.pe;password123
muser40@tecsup.edu.pe;password123
muser41@tecsup.edu.pe;password123
muser42@tecsup.edu.pe;password123
muser43@tecsup.edu.pe;password123
muser44@tecsup.edu.pe;password123
muser45@tecsup.edu.pe;password123
muser46@tecsup.edu.pe;password123
muser47@tecsup.edu.pe;password123
muser48@tecsup.edu.pe;password123
muser49@tecsup.edu.pe;password123
muser50@tecsup.edu.pe;password123
muser51@tecsup.edu.pe;password123
muser52@tecsup.edu.pe;password123
muser53@tecsup.edu.pe;password123
muser54@tecsup.edu.pe;password123
muser55@tecsup.edu.pe;password123
muser56@tecsup.edu.pe;password123
muser57@tecsup.edu.pe;password123
muser58@tecsup.edu.pe;password123
muser59@tecsup.edu.pe;password123
muser60@tecsup.edu.pe;password123
muser61@tecsup.edu.pe;password123
muser62@tecsup.edu.pe;password123
muser63@tecsup.edu.pe;password123
muser64@tecsup.edu.pe;password123
muser65@tecsup.edu.pe;password123
muser66@tecsup.edu.pe;password123
muser67@tecsup.edu.pe;password123
muser68@tecsup.edu.pe;password123
muser69@tecsup.edu.pe;password123
muser70@tecsup.edu.pe;password123
muser71@tecsup.edu.pe;password123
muser72@tecsup.edu.pe;password123
muser73@tecsup.edu.pe;password123
muser74@tecsup.edu.pe;password123
muser75@tecsup.edu.pe;password123
muser76@tecsup.edu.pe;password123
muser77@tecsup.edu.pe;password123
muser78@tecsup.edu.pe;password123
muser79@tecsup.edu.pe;password123
muser80@tecsup.edu.pe;password123
muser81@tecsup.edu.pe;password123
muser82@tecsup.edu.pe;password123
muser83@tecsup.edu.pe;password123
muser84@tecsup.edu.pe;password123
muser85@tecsup.edu.pe;password123
muser86@tecsup.edu.pe;password123
muser87@tecsup.edu.pe;password123
muser88@tecsup.edu.pe;password123
muser89@tecsup.edu.pe;password123
muser90@tecsup.edu.pe;password123
muser91@tecsup.edu.pe;password123
muser92@tecsup.edu.pe;password123
muser93@tecsup.edu.pe;password123
muser94@tecsup.edu.pe;password123
muser95@tecsup.edu.pe;password123
muser96@tecsup.edu.pe;password123
muser97@tecsup.edu.pe;password123
muser98@tecsup.edu.pe;password123
muser99@tecsup.edu.pe;password123
muser100@tecsup.edu.pe;password123
muser101@tecsup.edu.pe;password123
muser102@tecsup.edu.pe;password123
muser103@tecsup.edu.pe;password123
muser104@tecsup.edu.pe;password123
muser105@tecsup.edu.pe;password123
muser106@tecsup.edu.pe;password123
muser107@tecsup.edu.pe;password123
muser108@tecsup.edu.pe;password123
muser109@tecsup.edu.pe;password123
muser110@tecsup.edu.pe;password123
muser111@tecsup.edu.pe;password123
muser112@tecsup.edu.pe;password123
muser113@tecsup.edu.pe;password123
muser114@tecsup.edu.pe;password123
muser115@tecsup.edu.pe;password123
muser116@tecsup.edu.pe;password123
muser117@tecsup.edu.pe;password123
muser118@tecsup.edu.pe;password123
muser119@tecsup.edu.pe;password123
muser120@tecsup.edu.pe;password123
muser121@tecsup.edu.pe;password123
muser122@tecsup.edu.pe;password123
muser123@tecsup.edu.pe;password123
muser124@tecsup.edu.pe;password123
muser125@tecsup.edu.pe;password123
muser126@tecsup.edu.pe;password123
muser127@tecsup.edu.pe;password123
muser128@tecsup.edu.pe;password123
muser129@tecsup.edu.pe;password123
muser130@tecsup.edu.pe;password123
muser131@tecsup.edu.pe;password123
muser132@tecsup.edu.pe;password123
muser133@tecsup.edu.pe;password123
muser134@tecsup.edu.pe;password123
muser135@tecsup.edu.pe;password123
muser136@tecsup.edu.pe;password123
muser137@tecsup.edu.pe;password123
muser138@tecsup.edu.pe;password123
muser139@tecsup.edu.pe;password123
muser140@tecsup.edu.pe;password123
muser141@tecsup.edu.pe;password123
muser142@tecsup.edu.pe;password123
muser143@tecsup.edu.pe;password123
muser144@tecsup.edu.pe;password123
muser145@tecsup.edu.pe;password123
muser146@tecsup.edu.pe;password123
muser147@tecsup.edu.pe;password123
muser148@tecsup.edu.pe;password123
muser149@tecsup.edu.pe;password123
muser150@tecsup.edu.pe;password123
muser151@tecsup.edu.pe;password123
muser152@tecsup.edu.pe;password123
muser153@tecsup.edu.pe;password123
muser154@tecsup.edu.pe;password123
muser155@tecsup.edu.pe;password123
muser156@tecsup.edu.pe;password123
muser157@tecsup.edu.pe;password123
muser158@tecsup.edu.pe;password123
muser159@tecsup.edu.pe;password123
muser160@tecsup.edu.pe;password123
muser161@tecsup.edu.pe;password123
muser162@tecsup.edu.pe;password123
muser163@tecsup.edu.pe;password123
muser164@tecsup.edu.pe;password123
muser165@tecsup.edu.pe;password123
muser166@tecsup.edu.pe;password123
muser167@tecsup.edu.pe;password123
muser168@tecsup.edu.pe;password123
muser169@tecsup.edu.pe;password123
muser170@tecsup.edu.pe;password123
muser171@tecsup.edu.pe;password123
muser172@tecsup.edu.pe;password123
muser173@tecsup.edu.pe;password123
muser174@tecsup.edu.pe;password123
muser175@tecsup.edu.pe;password123
muser176@tecsup.edu.pe;password123
muser177@tecsup.edu.pe;password123
muser178@tecsup.edu.pe;password123
muser179@tecsup.edu.pe;password123
muser180@tecsup.edu.pe;password123
muser181@tecsup.edu.pe;password123
muser182@tecsup.edu.pe;password123
muser183@tecsup.edu.pe;password123
muser184@tecsup.edu.pe;password123
muser185@tecsup.edu.pe;password123
muser186@tecsup.edu.pe;password123
muser187@tecsup.edu.pe;password123
muser188@tecsup.edu.pe;password123
muser189@tecsup.edu.pe;password123
muser190@tecsup.edu.pe;password123
muser191@tecsup.edu.pe;password123
muser192@tecsup.edu.pe;password123
muser193@tecsup.edu.pe;password123
muser194@tecsup.edu.pe;password123
muser195@tecsup.edu.pe;password123
muser196@tecsup.edu.pe;password123
muser197@tecsup.edu.pe;password123
muser198@tecsup.edu.pe;password123
muser199@tecsup.edu.pe;password123
muser200@tecsup.edu.pe;password123
muser201@tecsup.edu.pe;password123
muser202@tecsup.edu.pe;password123
muser203@tecsup.edu.pe;password123
muser204@tecsup.edu.pe;password123
muser205@tecsup.edu.pe;password123
muser206@tecsup.edu.pe;password123
muser207@tecsup.edu.pe;password123
muser208@tecsup.edu.pe;password123
muser209@tecsup.edu.pe;password123
muser210@tecsup.edu.pe;password123
muser211@tecsup.edu.pe;password123
muser212@tecsup.edu.pe;password123
muser213@tecsup.edu.pe;password123
muser214@tecsup.edu.pe;password123
muser215@tecsup.edu.pe;password123
muser216@tecsup.edu.pe;password123
muser217@tecsup.edu.pe;password123
muser218@tecsup.edu.pe;password123
muser219@tecsup.edu.pe;password123
muser220@tecsup.edu.pe;password123
muser221@tecsup.edu.pe;password123
muser222@tecsup.edu.pe;password123
muser223@tecsup.edu.pe;password123
muser224@tecsup.edu.pe;password123
muser225@tecsup.edu.pe;password123
muser226@tecsup.edu.pe;password123
muser227@tecsup.edu.pe;password123
muser228@tecsup.edu.pe;password123
muser229@tecsup.edu.pe;password123
muser230@tecsup.edu.pe;password123
muser231@tecsup.edu.pe;password123
muser232@tecsup.edu.pe;password123
muser233@tecsup.edu.pe;password123
muser234@tecsup.edu.pe;password123
muser235@tecsup.edu.pe;password123
muser236@tecsup.edu.pe;password123
muser237@tecsup.edu.pe;password123
muser238@tecsup.edu.pe;password123
muser239@tecsup.edu.pe;password123
muser240@tecsup.edu.pe;password123
muser241@tecsup.edu.pe;password123
muser242@tecsup.edu.pe;password123
muser243@tecsup.edu.pe;password123
muser244@tecsup.edu.pe;password123
muser245@tecsup.edu.pe;password123
muser246@tecsup.edu.pe;password123
muser247@tecsup.edu.pe;password123
muser248@tecsup.edu.pe;password123
muser249@tecsup.edu.pe;password123
muser250@tecsup.edu.pe;password123
muser251@tecsup.edu.pe;password123
muser252@tecsup.edu.pe;password123
muser253@tecsup.edu.pe;password123
muser254@tecsup.edu.pe;password123
muser255@tecsup.edu.pe;password123
muser256@tecsup.edu.pe;password123
muser257@tecsup.edu.pe;password123
muser258@tecsup.edu.pe;password123
muser259@tecsup.edu.pe;password123
muser260@tecsup.edu.pe;password123
muser261@tecsup.edu.pe;password123
muser262@tecsup.edu.pe;password123
muser263@tecsup.edu.pe;password123
muser264@tecsup.edu.pe;password123
muser265@tecsup.edu.pe;password123
muser266@tecsup.edu.pe;password123
muser267@tecsup.edu.pe;password123
muser268@tecsup.edu.pe;password123
muser269@tecsup.edu.pe;password123
muser270@tecsup.edu.pe;password123
muser271@tecsup.edu.pe;password123
muser272@tecsup.edu.pe;password123
muser273@tecsup.edu.pe;password123
muser274@tecsup.edu.pe;password123
muser275@tecsup.edu.pe;password123
muser276@tecsup.edu.pe;password123
muser277@tecsup.edu.pe;password123
muser278@tecsup.edu.pe;password123
muser279@tecsup.edu.pe;password123
muser280@tecsup.edu.pe;password123
muser281@tecsup.edu.pe;password123
muser282@tecsup.edu.pe;password123
muser283@tecsup.edu.pe;password123
muser284@tecsup.edu.pe;password123
muser285@tecsup.edu.pe;password123
muser286@tecsup.edu.pe;password123
muser287@tecsup.edu.pe;password123
muser288@tecsup.edu.pe;password123
muser289@tecsup.edu.pe;password123
muser290@tecsup.edu.pe;password123
muser291@tecsup.edu.pe;password123
muser292@tecsup.edu.pe;password123
muser293@tecsup.edu.pe;password123
muser294@tecsup.edu.pe;password123
muser295@tecsup.edu.pe;password123
muser296@tecsup.edu.pe;password123
muser297@tecsup.edu.pe;password123
muser298@tecsup.edu.pe;password123
muser299@tecsup.edu.pe;password123
muser300@tecsup.edu.pe;password123
muser301@tecsup.edu.pe;password123
muser302@tecsup.edu.pe;password123
muser303@tecsup.edu.pe;password123
muser304@tecsup.edu.pe;password123
muser305@tecsup.edu.pe;password123
muser306@tecsup.edu.pe;password123
muser307@tecsup.edu.pe;password123
muser308@tecsup.edu.pe;password123
muser309@tecsup.edu.pe;password123
muser310@tecsup.edu.pe;password123
muser311@tecsup.edu.pe;password123
muser312@tecsup.edu.pe;password123
muser313@tecsup.edu.pe;password123
muser314@tecsup.edu.pe;password123
muser315@tecsup.edu.pe;password123
muser316@tecsup.edu.pe;password123
muser317@tecsup.edu.pe;password123
muser318@tecsup.edu.pe;password123
muser319@tecsup.edu.pe;password123
muser320@tecsup.edu.pe;password123
muser321@tecsup.edu.pe;password123
muser322@tecsup.edu.pe;password123
muser323@tecsup.edu.pe;password123
muser324@tecsup.edu.pe;password123
muser325@tecsup.edu.pe;password123
muser326@tecsup.edu.pe;password123
muser327@tecsup.edu.pe;password123
muser328@tecsup.edu.pe;password123
muser329@tecsup.edu.pe;password123
muser330@tecsup.edu.pe;password123
muser331@tecsup.edu.pe;password123
muser332@tecsup.edu.pe;password123
muser333@tecsup.edu.pe;password123
muser334@tecsup.edu.pe;password123
muser335@tecsup.edu.pe;password123
muser336@tecsup.edu.pe;password123
muser337@tecsup.edu.pe;password123
muser338@tecsup.edu.pe;password123
muser339@tecsup.edu.pe;password123
muser340@tecsup.edu.pe;password123
muser341@tecsup.edu.pe;password123
muser342@tecsup.edu.pe;password123
muser343@tecsup.edu.pe;password123
muser344@tecsup.edu.pe;password123
muser345@tecsup.edu.pe;password123
muser346@tecsup.edu.pe;password123
muser347@tecsup.edu.pe;password123
muser348@tecsup.edu.pe;password123
muser349@tecsup.edu.pe;password123
muser350@tecsup.edu.pe;password123
muser351@tecsup.edu.pe;password123
muser352@tecsup.edu.pe;password123
muser353@tecsup.edu.pe;password123
muser354@tecsup.edu.pe;password123
muser355@tecsup.edu.pe;password123
muser356@tecsup.edu.pe;password123
muser357@tecsup.edu.pe;password123
muser358@tecsup.edu.pe;password123
muser359@tecsup.edu.pe;password123
muser360@tecsup.edu.pe;password123
muser361@tecsup.edu.pe;password123
muser362@tecsup.edu.pe;password123
muser363@tecsup.edu.pe;password123
muser364@tecsup.edu.pe;password123
muser365@tecsup.edu.pe;password123
muser366@tecsup.edu.pe;password123
muser367@tecsup.edu.pe;password123
muser368@tecsup.edu.pe;password123
muser369@tecsup.edu.pe;password123
muser370@tecsup.edu.pe;password123
muser371@tecsup.edu.pe;password123
muser372@tecsup.edu.pe;password123
muser373@tecsup.edu.pe;password123
muser374@tecsup.edu.pe;password123
muser375@tecsup.edu.pe;password123
muser376@tecsup.edu.pe;password123
muser377@tecsup.edu.pe;password123
muser378@tecsup.edu.pe;password123
muser379@tecsup.edu.pe;password123
muser380@tecsup.edu.pe;password123
muser381@tecsup.edu.pe;password123
muser382@tecsup.edu.pe;password123
muser383@tecsup.edu.pe;password123
muser384@tecsup.edu.pe;password123
muser385@tecsup.edu.pe;password123
muser386@tecsup.edu.pe;password123
muser387@tecsup.edu.pe;password123
muser388@tecsup.edu.pe;password123
muser389@tecsup.edu.pe;password123
muser390@tecsup.edu.pe;password123
muser391@tecsup.edu.pe;password123
muser392@tecsup.edu.pe;password123
muser393@tecsup.edu.pe;password123
muser394@tecsup.edu.pe;password123
muser395@tecsup.edu.pe;password123
muser396@tecsup.edu.pe;password123
muser397@tecsup.edu.pe;password123
muser398@tecsup.edu.pe;password123
muser399@tecsup.edu.pe;password123
muser400@tecsup.edu.pe;password123
muser401@tecsup.edu.pe;password123
muser402@tecsup.edu.pe;password123
muser403@tecsup.edu.pe;password123
muser404@tecsup.edu.pe;password123
muser405@tecsup.edu.pe;password123
muser406@tecsup.edu.pe;password123
muser407@tecsup.edu.pe;password123
muser408@tecsup.edu.pe;password123
muser409@tecsup.edu.pe;password123
muser410@tecsup.edu.pe;password123
muser411@tecsup.edu.pe;password123
muser412@tecsup.edu.pe;password123
muser413@tecsup.edu.pe;password123
muser414@tecsup.edu.pe;password123
muser415@tecsup.edu.pe;password123
muser416@tecsup.edu.pe;password123
muser417@tecsup.edu.pe;password123
muser418@tecsup.edu.pe;password123
muser419@tecsup.edu.pe;password123
muser420@tecsup.edu.pe;password123
muser421@tecsup.edu.pe;password123
muser422@tecsup.edu.pe;password123
muser423@tecsup.edu.pe;password123
muser424@tecsup.edu.pe;password123
muser425@tecsup.edu.pe;password123
muser426@tecsup.edu.pe;password123
muser427@tecsup.edu.pe;password123
muser428@tecsup.edu.pe;password123
muser429@tecsup.edu.pe;password123
muser430@tecsup.edu.pe;password123
muser431@tecsup.edu.pe;password123
muser432@tecsup.edu.pe;password123
muser433@tecsup.edu.pe;password123
muser434@tecsup.edu.pe;password123
muser435@tecsup.edu.pe;password123
muser436@tecsup.edu.pe;password123
muser437@tecsup.edu.pe;password123
muser438@tecsup.edu.pe;password123
muser439@tecsup.edu.pe;password123
muser440@tecsup.edu.pe;password123
muser441@tecsup.edu.pe;password123
muser442@tecsup.edu.pe;password123
muser443@tecsup.edu.pe;password123
muser444@tecsup.edu.pe;password123
muser445@tecsup.edu.pe;password123
muser446@tecsup.edu.pe;password123
muser447@tecsup.edu.pe;password123
muser448@tecsup.edu.pe;password123
muser449@tecsup.edu.pe;password123
muser450@tecsup.edu.pe;password123
muser451@tecsup.edu.pe;password123
muser452@tecsup.edu.pe;password123
muser453@tecsup.edu.pe;password123
muser454@tecsup.edu.pe;password123
muser455@tecsup.edu.pe;password123
muser456@tecsup.edu.pe;password123
muser457@tecsup.edu.pe;password123
muser458@tecsup.edu.pe;password123
muser459@tecsup.edu.pe;password123
muser460@tecsup.edu.pe;password123
muser461@tecsup.edu.pe;password123
muser462@tecsup.edu.pe;password123
muser463@tecsup.edu.pe;password123
muser464@tecsup.edu.pe;password123
muser465@tecsup.edu.pe;password123
muser466@tecsup.edu.pe;password123
muser467@tecsup.edu.pe;password123
muser468@tecsup.edu.pe;password123
muser469@tecsup.edu.pe;password123
muser470@tecsup.edu.pe;password123
muser471@tecsup.edu.pe;password123
muser472@tecsup.edu.pe;password123
muser473@tecsup.edu.pe;password123
muser474@tecsup.edu.pe;password123
muser475@tecsup.edu.pe;password123
muser476@tecsup.edu.pe;password123
muser477@tecsup.edu.pe;password123
muser478@tecsup.edu.pe;password123
muser479@tecsup.edu.pe;password123
muser480@tecsup.edu.pe;password123
muser481@tecsup.edu.pe;password123
muser482@tecsup.edu.pe;password123
muser483@tecsup.edu.pe;password123
muser484@tecsup.edu.pe;password123
muser485@tecsup.edu.pe;password123
muser486@tecsup.edu.pe;password123
muser487@tecsup.edu.pe;password123
muser488@tecsup.edu.pe;password123
muser489@tecsup.edu.pe;password123
muser490@tecsup.edu.pe;password123
muser491@tecsup.edu.pe;password123
muser492@tecsup.edu.pe;password123
muser493@tecsup.edu.pe;password123
muser494@tecsup.edu.pe;password123
muser495@tecsup.edu.pe;password123
muser496@tecsup.edu.pe;password123
muser497@tecsup.edu.pe;password123
muser498@tecsup.edu.pe;password123
muser499@tecsup.edu.pe;password123
muser500@tecsup.edu.pe;password123
